1000220393	"10V, 13V, 14R, 16E, 20I, 35D, 36I, 57K, 63T, 69K, 74A, 75I, 89I, 95G, 95C"	"6K, 11T, 35T, 65R, 68G, 69I, 75M, 82R, 98A, 98S, 103N, 118I, 122E, 123N, 135T, 142V, 173L, 174R, 177E, 179I, 184V, 200E, 207A, 211S, 214L, 225H, 245Q, 272P, 281R, 288T, 288A, 293V, 294T, 312D, 317A, 317V, 335D"	A1
1000226946	"13V, 20K, 20R, 36I, 41K, 57K, 57R, 69K, 89M"	"11K, 11Q, 28E, 28A, 35T, 102K, 102Q, 122E, 123S, 135T, 142I, 142V, 162A, 173S, 177E, 178I, 178L, 179I, 200T, 200A, 207E, 227Y, 227F, 228N, 245Q, 272A, 272G, 274I, 274V, 291D, 293V, 294T, 312K, 312N, 312E, 312D, 335D"	A1
1000235615	"12T, 12I, 14K, 14R, 16A, 35D, 36I, 41K, 57K, 57R, 61D, 64I, 64M, 65E, 65D, 69K, 89M"	"6N, 6K, 6D, 6E, 11Q, 11H, 35T, 40D, 49R, 60I, 67N, 67D, 122E, 123S, 135T, 162K, 162N, 162R, 162S, 162Q, 162H, 165T, 165I, 173S, 174K, 177E, 178M, 179I, 179V, 196E, 196G, 200A, 207A, 211S, 245E, 250E, 272P, 283I, 283L, 292I, 292V, 293I, 293V, 294T, 295M, 295L, 312D, 335D"	A1
1000238236	"10V, 11L, 13V, 14R, 15V, 20T, 32I, 33F, 35D, 36I, 41K, 54L, 58E, 60E, 61E, 62V, 63P, 71V, 73N, 84V, 89V, 90M"	"35T, 62V, 67G, 68G, 74I, 75T, 103N, 122E, 135V, 138G, 162Y, 173R, 174K, 184V, 194D, 207A, 211K, 215V, 219E, 232H, 238T, 250N, 272P, 293V, 297A, 333D, 335C"	B
1000238237	"10F, 19I, 20I, 35D, 36I, 46I, 50V, 62V, 64V, 71V"	"31L, 62V, 67N, 69N, 70R, 75I, 90I, 98S, 103H, 122E, 123N, 165I, 181C, 184I, 190A, 194D, 196Q, 200A, 202V, 215F, 219E, 228H, 286A, 326V, 334E, 335S"	B
1000239826	"63P, 72I, 72M, 77I, 79D"	"35V, 35L, 48T, 48S, 67D, 67G, 101K, 101E, 122E, 135T, 138A, 162C, 178I, 178L, 189I, 189V, 211K, 211R, 248E, 248D, 251I, 272P, 276I, 276V, 277R, 283I, 287K, 287R, 293V, 310I, 335E"	B
1000240097	"12P, 15V, 37D, 63A, 77I, 93L"	"20R, 35L, 39A, 46Q, 67N, 83K, 102Q, 135T, 142V, 174N, 179D, 184V, 202V, 211K, 249Q, 272P, 277R, 278H, 293V"	B
1000240506	"12P, 13I, 13V, 14R, 19Q, 19L, 35D, 36I, 57K, 63P, 69Q, 71T, 71A, 72E, 72V"	"8I, 98S, 135T, 165I, 174K, 177E, 179T, 202V, 211K, 245I, 288S, 293V, 294T, 326L, 334E"	B
1000240523	"14K, 14R, 15V, 35D, 37S, 41K, 62V, 63A, 65D"	"22K, 22*, 49R, 135T, 169D, 211K, 245R, 245M, 250E, 272P, 293V, 297K, 333E, 334D, 335S"	B
1000240996	"37S, 64V"	"20R, 83K, 90I, 101R, 123E, 162A, 211K, 272P, 277K, 277R, 286A, 293V, 297K, 321P, 321S, 324E, 334H"	B
1000241173	"35D, 37E, 62V, 63P, 77I, 77V, 93L"	"35T, 36D, 40Q, 60I, 103N, 121Y, 122E, 135R, 162C, 177E, 196E, 197K, 200K, 200E, 202I, 202V, 211K, 215E, 215D, 245E, 249R, 272G, 288A, 288S, 291E, 291D, 292I, 293V, 297T, 297I, 297A, 297V, 329L"	B
1000241468	"33V, 37S, 41K, 41R"	"68G, 86E, 123E, 166R, 195T, 195I, 200A, 207K, 207Q, 211R, 211S, 214L, 214F, 272P, 276I, 276V, 277R, 286P, 297K, 322A, 322S, 327A, 327V, 334P, 335C"	B
1000243544	"12P, 13V, 14R, 37N, 37D, 41K, 41R, 63P, 64V, 65D"	"60I, 67N, 67D, 83K, 122P, 135T, 177E, 178V, 184M, 184V, 200A, 215S, 272P, 277R, 286A, 293V, 297K, 297R, 304E, 311K, 311R"	B
1000243748	"15V, 41K, 62I, 62V, 63P, 65D, 93L"	"20R, 83K, 123E, 135T, 162Y, 162C, 173Q, 177E, 178L, 195L, 207K, 207R, 207Q, 211K, 272P, 297A, 329L"	B
1000243782	"10I, 12S, 13V, 14R, 15V, 16E, 35D, 36I, 62I, 62V, 63T, 93L"	"35L, 67N, 69N, 106I, 118I, 123E, 134C, 135T, 139K, 144F, 211K, 214L, 219Q, 245E, 250E, 272P, 277R, 281R, 284K, 284R, 293V, 294T, 297R, 329L, 333E, 334K"	B
1000233659	"12S, 15V, 16E, 19I, 31T, 31I, 36I, 41K, 63T, 69K, 93L"	"35T, 36E, 36A, 39E, 48T, 53E, 53D, 60I, 122E, 123E, 123G, 135T, 173A, 174K, 177E, 200A, 202V, 207E, 211K, 245Q, 248E, 248D, 272P, 279M, 291D, 292I, 293V, 294T, 334N, 335D"	C
1000240821	"36I, 41K, 69K, 89M, 93L"	"35K, 36A, 39E, 48T, 53D, 103N, 122E, 123S, 173A, 177E, 196K, 200E, 207K, 211K, 245H, 272P, 277R, 283I, 291D, 293V, 334Y, 335D"	C
1000241998	"12S, 15V, 19I, 35D, 36I, 41K, 63P, 64I, 64L, 69K, 89M, 93L"	"6E, 6G, 21I, 21V, 35T, 36A, 39K, 48T, 67N, 69T, 69A, 70R, 106M, 122E, 123G, 162C, 173A, 177E, 178L, 184V, 200A, 203K, 207E, 211K, 219Q, 223K, 223T, 227L, 245Q, 272P, 291D, 292I, 293V, 294A, 311R, 312K, 312E, 333E, 333G, 334G"	C
1000230234	"13V, 35D, 36I, 41K, 63S, 65D, 69K, 89M"	"6D, 6A, 8I, 11T, 35T, 39K, 43E, 68N, 68S, 122E, 123S, 135T, 152E, 152G, 173A, 174K, 177E, 178M, 188Y, 188C, 194D, 200A, 203D, 207A, 211S, 245E, 291D, 292I, 311R, 312T, 329V, 335D"	CRF01_AE
1000242633	"13V, 15V, 35D, 36I, 41K, 64I, 64V, 69K, 89M"	"6D, 35T, 39K, 43E, 122E, 123S, 135T, 162C, 173I, 174K, 177E, 207A, 211S, 227C, 227F, 230M, 230V, 234L, 234V, 238R, 245E, 276I, 286A, 291D, 293V, 311R, 312T, 326V, 329V, 335D"	CRF01_AE
1000243862	"36I, 36M, 37N, 37S, 41K, 69K, 89M, 93L"	"6D, 35T, 39R, 43E, 122E, 123N, 123S, 162C, 169D, 173R, 174K, 177E, 196E, 196G, 200T, 200A, 207A, 211S, 238R, 277R, 286A, 293V, 312T, 326I, 326V, 329V, 335D"	CRF01_AE
1000232223	"10I, 13V, 20I, 33F, 35N, 36I, 37N, 37T, 37D, 37A, 41K, 54L, 63P, 69K, 71I, 75I, 88S, 89M"	"28K, 32E, 35T, 39T, 39A, 40E, 40D, 67D, 67G, 101E, 111I, 111V, 122E, 123K, 123E, 135V, 138K, 138E, 162A, 165I, 173T, 174K, 177E, 184V, 200A, 207E, 211K, 219K, 219R, 245I, 245M, 245V, 248D, 250H, 250Q, 250D, 250E, 272P, 281R, 283I, 291D, 292I, 293V, 294T, 312D, 326V, 335D"	CRF02_AG
1000236365	"10I, 13V, 14K, 14R, 16E, 20I, 35Q, 36I, 36V, 39P, 39S, 41K, 57K, 57R, 62I, 62V, 69K, 74T, 74S, 89M, 90M, 90L"	"5I, 5V, 6K, 6E, 35T, 39K, 43Q, 104K, 104R, 122E, 123S, 162A, 173A, 174K, 177E, 200A, 207E, 211K, 214L, 214F, 245Q, 286A, 291D, 292I, 292V, 293V, 294T, 311R, 322A, 326I, 326V, 335D"	CRF02_AG
1000239833	"13V, 14R, 20I, 35D, 36I, 37E, 41K, 69K, 89M"	"35T, 40D, 49R, 60I, 122E, 123S, 158S, 162A, 173T, 174K, 177E, 200A, 202I, 202V, 207K, 207N, 207E, 207D, 211K, 211E, 245N, 286A, 291D, 292I, 293V, 295M, 322A, 326V, 327A, 327V, 334Q, 334P, 335D"	CRF02_AG
